i,error 1.0000E-01,error 1.0000E-05,error 2.0000E+01,error total,fom,mode,slope,tally 1.0000E-01,tally 1.0000E-05,tally 2.0000E+01,tally total,vov
0,0.1862,0.0562,0.0987,0.0487,332,analog,3.2,2.29079e-09,1.16623e-08,4.58886e-09,1.8542e-08,0.0144
