i,N_splits < C_u,N_splits = C_u,N_splits > C_u,Splits < C_u,Splits = C_u,Splits > C_u,WW check efficiency,cpu time,error total,fom,mode,ratio,slope,tally total,total no change,total splits,total stochastic termination,total ww checks,vov
0,51869.0,1192.0,413.0,0.9699854134719677,0.02229120694169129,0.007723379586341026,0.16338404941342186,21.33,0.0072,907.0,wwig,9,3.5,1.4023e-05,577677.0,53474.0,160415.0,1309118.0,0.002
1,61188.0,855.0,43.0,0.9855361917340463,0.01377122056502271,0.0006925877009309667,0.16769934288130928,22.71,0.0072,870.0,wwig,8,3.4,1.4206e-05,633285.0,62086.0,173059.0,1402182.0,0.0026
2,46433.0,1180.0,904.0,0.9570459838819383,0.02432137189026527,0.01863264422779644,0.16050180567939087,21.24,0.0078,777.0,wwig,10,2.8,1.4094e-05,539190.0,48517.0,151657.0,1247176.0,0.0075
3,79736.0,54.0,36.0,0.9988725477914464,0.0006764713251321624,0.00045098088342144165,0.18022305594930868,23.88,0.0097,456.0,wwig,7,2.6,1.4325e-05,692767.0,79826.0,194416.0,1521681.0,0.0902
4,114366.0,2.0,51.0,0.9995367902184078,1.7479614399706343e-05,0.0004457301671925117,0.19793656267290355,24.88,0.0097,436.0,wwig,6,2.6,1.4331e-05,759369.0,114419.0,217925.0,1679043.0,0.0928
5,138183.0,5.0,78.0,0.9993997078095844,3.616218014551661e-05,0.0005641300102700591,0.19486890737041837,25.63,0.0069,841.0,wwig,5,2.9,1.4217e-05,915285.0,138266.0,234124.0,1910977.0,0.0029
