i,N_splits < C_u,N_splits = C_u,N_splits > C_u,Splits < C_u,Splits = C_u,Splits > C_u,WW check efficiency,error total,fom,mode,ratio,slope,tally total,total no change,total splits,total stochastic termination,total ww checks,vov
0,30704.0,424.0,22.0,0.9856821829855538,0.013611556982343499,0.0007062600321027287,0.1673054159401693,0.0101,344,wwig,0.2,3.4,1.42598e-05,317573.0,31150.0,86586.0,703719.0,0.0036
1,30487.0,416.0,23.0,0.9858048244195823,0.01345146478691069,0.0007437107935070814,0.1668884014375844,0.0106,443,wwig,0.8,3.0,1.43527e-05,316702.0,30926.0,85860.0,699785.0,0.0103
2,30672.0,409.0,20.0,0.9862062313108904,0.013150702549757242,0.0006430661393524325,0.16718008551447414,0.0303,51,wwig,0.7,2.5,1.46539e-05,317747.0,31101.0,86394.0,702805.0,0.7789
3,30760.0,409.0,22.0,0.9861819114488154,0.013112756884998878,0.0007053316661857587,0.16719449337862563,0.0103,356,wwig,0.4,3.0,1.42777e-05,317964.0,31191.0,86591.0,704461.0,0.0061
4,30758.0,412.0,19.0,0.9861810253615056,0.013209785501298536,0.0006091891371958063,0.16698882902609585,0.0105,333,wwig,0.5,2.7,1.43159e-05,318169.0,31189.0,86560.0,705131.0,0.0056
5,30706.0,414.0,23.0,0.9859679542754392,0.013293517002215587,0.0007385287223453103,0.1669957066316574,0.0302,40,wwig,0.6,2.5,1.47434e-05,317866.0,31143.0,86518.0,704575.0,0.7760
6,30640.0,421.0,22.0,0.9857478364379243,0.013544381172988451,0.0007077823890872825,0.16729411094657706,0.01,378,wwig,0.1,3.6,1.42218e-05,316671.0,31083.0,86411.0,702320.0,0.0031
7,30770.0,421.0,22.0,0.9858071957197322,0.01348796975619133,0.0007048345240765066,0.16722584450980002,0.0109,292,wwig,0.3,2.7,1.43202e-05,318198.0,31213.0,86715.0,705202.0,0.0162
