i,N_splits < C_u,N_splits = C_u,N_splits > C_u,Splits < C_u,Splits = C_u,Splits > C_u,WW check efficiency,cpu time,error total,fom,mode,ratio,slope,tally total,total no change,total splits,total stochastic termination,total ww checks,vov
0,51855.0,1195.0,414.0,0.9699049827921592,0.022351488852311835,0.007743528355528954,0.16339929706601466,37.94,0.0072,513.0,wwig,9,3.6,1.4017e-05,577718.0,53464.0,160393.0,1308800.0,0.0019
1,61188.0,855.0,43.0,0.9855361917340463,0.01377122056502271,0.0006925877009309667,0.16769934288130928,23.58,0.0072,838.0,wwig,8,3.4,1.4206e-05,633285.0,62086.0,173059.0,1402182.0,0.0026
2,46410.0,1183.0,908.0,0.9568874868559412,0.024391249664955362,0.018721263479103523,0.16062572823480697,37.41,0.0079,439.0,wwig,10,2.8,1.4092e-05,538739.0,48501.0,151665.0,1246164.0,0.0075
3,79559.0,55.0,34.0,0.998882583366814,0.0006905383688228204,0.00042687826436319805,0.1802645555640487,36.13,0.0093,323.0,wwig,7,2.7,1.4278e-05,690310.0,79648.0,193915.0,1517564.0,0.0993
4,114351.0,2.0,51.0,0.9995367294849831,1.7481906227054997e-05,0.00044578860878990246,0.1979579787826632,39.23,0.0097,274.0,wwig,6,2.6,1.4342e-05,759463.0,114404.0,217875.0,1678533.0,0.0926
5,138183.0,5.0,78.0,0.9993997078095844,3.616218014551661e-05,0.0005641300102700591,0.19486890737041837,35.12,0.0069,617.0,wwig,5,2.9,1.4217e-05,915285.0,138266.0,234124.0,1910977.0,0.0029
